model,asset_id,origin_date,horizon_days,target_date,logged_on,source_run_id,status,origin_price,predicted_return_pct,lower_return_pct,upper_return_pct,probability_positive,outcome_price,realized_return_pct,direction_hit,inside_band,scored_on
M39_CALIBRATED,avalanche,2026-10-06,7,2026-10-13,2026-10-06,3f0b2e6a-562a-4319-9f96-b45615d403e0,POSITIVE,11.45,6.92472361,-13.4158345,27.26528172,1,,,,,
M39_CALIBRATED,avalanche,2026-10-06,30,2026-11-05,2026-10-06,3f0b2e6a-562a-4319-9f96-b45615d403e0,POSITIVE,11.45,13.07499579,-42.64073889,68.79073047,0.404951507,,,,,
M39_CALIBRATED,avalanche,2026-10-06,90,2027-01-04,2026-10-06,3f0b2e6a-562a-4319-9f96-b45615d403e0,NEGATIVE,11.45,-6.312828719,-161.9950309,149.3693734,0.5483138417,,,,,
M39_CALIBRATED,avalanche,2026-10-06,180,2027-04-04,2026-10-06,3f0b2e6a-562a-4319-9f96-b45615d403e0,NEGATIVE,11.45,-8.842361573,-106.334645,88.64992189,0.2857142857,,,,,
M39_CALIBRATED,avalanche,2026-10-06,365,2027-10-06,2026-10-06,3f0b2e6a-562a-4319-9f96-b45615d403e0,POSITIVE,11.45,86.56221497,-176.0320641,349.156494,0,,,,,
M39_CALIBRATED,bitcoin,2026-10-06,7,2026-10-13,2026-10-06,3f0b2e6a-562a-4319-9f96-b45615d403e0,POSITIVE,85597,4.069797106,-6.612914577,14.75250879,0.3463150056,,,,,
M39_CALIBRATED,bitcoin,2026-10-06,30,2026-11-05,2026-10-06,3f0b2e6a-562a-4319-9f96-b45615d403e0,POSITIVE,85597,10.66272385,-20.88195187,42.20739958,0.5,,,,,
M39_CALIBRATED,bitcoin,2026-10-06,90,2027-01-04,2026-10-06,3f0b2e6a-562a-4319-9f96-b45615d403e0,POSITIVE,85597,21.25321566,-28.51281032,71.01924163,0.5,,,,,
M39_CALIBRATED,bitcoin,2026-10-06,180,2027-04-04,2026-10-06,3f0b2e6a-562a-4319-9f96-b45615d403e0,POSITIVE,85597,65.39209113,-65.71065779,196.4948401,0.6935399913,,,,,
M39_CALIBRATED,bitcoin,2026-10-06,365,2027-10-06,2026-10-06,3f0b2e6a-562a-4319-9f96-b45615d403e0,POSITIVE,85597,158.4497185,-196.4428207,513.3422577,1,,,,,
M39_CALIBRATED,chainlink,2026-10-06,7,2026-10-13,2026-10-06,3f0b2e6a-562a-4319-9f96-b45615d403e0,POSITIVE,13.88,5.630901804,-11.03743638,22.29923999,0.5,,,,,
M39_CALIBRATED,chainlink,2026-10-06,30,2026-11-05,2026-10-06,3f0b2e6a-562a-4319-9f96-b45615d403e0,POSITIVE,13.88,15.57184988,-14.998729,46.14242876,0.4365384615,,,,,
M39_CALIBRATED,chainlink,2026-10-06,90,2027-01-04,2026-10-06,3f0b2e6a-562a-4319-9f96-b45615d403e0,NEUTRAL,13.88,1.113352679,-67.495902,69.72260736,0.6209451438,,,,,
M39_CALIBRATED,chainlink,2026-10-06,180,2027-04-04,2026-10-06,3f0b2e6a-562a-4319-9f96-b45615d403e0,POSITIVE,13.88,6.959332563,-111.7791684,125.6978335,0.5719041205,,,,,
M39_CALIBRATED,chainlink,2026-10-06,365,2027-10-06,2026-10-06,3f0b2e6a-562a-4319-9f96-b45615d403e0,POSITIVE,13.88,73.73124843,-63.12847851,210.5909754,0.7,,,,,
M39_CALIBRATED,ethereum,2026-10-06,7,2026-10-13,2026-10-06,3f0b2e6a-562a-4319-9f96-b45615d403e0,POSITIVE,2696.4,5.228362613,-9.017154042,19.47387927,0.625,,,,,
M39_CALIBRATED,ethereum,2026-10-06,30,2026-11-05,2026-10-06,3f0b2e6a-562a-4319-9f96-b45615d403e0,POSITIVE,2696.4,8.54748493,-24.63780441,41.73277427,1,,,,,
M39_CALIBRATED,ethereum,2026-10-06,90,2027-01-04,2026-10-06,3f0b2e6a-562a-4319-9f96-b45615d403e0,POSITIVE,2696.4,12.22027754,-35.57697114,60.01752622,0.5058212977,,,,,
M39_CALIBRATED,ethereum,2026-10-06,180,2027-04-04,2026-10-06,3f0b2e6a-562a-4319-9f96-b45615d403e0,POSITIVE,2696.4,29.85465817,-29.77418058,89.48349692,0.6363636364,,,,,
M39_CALIBRATED,ethereum,2026-10-06,365,2027-10-06,2026-10-06,3f0b2e6a-562a-4319-9f96-b45615d403e0,POSITIVE,2696.4,96.47791923,-473.4721854,666.4280238,0.8111983833,,,,,
M39_CALIBRATED,solana,2026-10-06,7,2026-10-13,2026-10-06,3f0b2e6a-562a-4319-9f96-b45615d403e0,POSITIVE,120.33,5.291465116,-10.05609041,20.63902065,0.5896452033,,,,,
M39_CALIBRATED,solana,2026-10-06,30,2026-11-05,2026-10-06,3f0b2e6a-562a-4319-9f96-b45615d403e0,POSITIVE,120.33,22.91525702,-23.0233018,68.85381583,0.634325304,,,,,
M39_CALIBRATED,solana,2026-10-06,90,2027-01-04,2026-10-06,3f0b2e6a-562a-4319-9f96-b45615d403e0,POSITIVE,120.33,47.92117252,-7.004830873,102.8471759,0.6137174069,,,,,
M39_CALIBRATED,solana,2026-10-06,180,2027-04-04,2026-10-06,3f0b2e6a-562a-4319-9f96-b45615d403e0,POSITIVE,120.33,114.7007483,-176.7170761,406.1185727,0.7376710529,,,,,
M39_CALIBRATED,solana,2026-10-06,365,2027-10-06,2026-10-06,3f0b2e6a-562a-4319-9f96-b45615d403e0,POSITIVE,120.33,391.7687631,-560.3775472,1343.915073,0.3,,,,,
M39_CALIBRATED,xrp,2026-10-06,7,2026-10-13,2026-10-06,3f0b2e6a-562a-4319-9f96-b45615d403e0,NEUTRAL,1.5,1.61338219,-18.25439232,21.4811567,0.4111335701,,,,,
M39_CALIBRATED,xrp,2026-10-06,30,2026-11-05,2026-10-06,3f0b2e6a-562a-4319-9f96-b45615d403e0,NEUTRAL,1.5,1.582127809,-34.54851219,37.71276781,0.3757012972,,,,,
M39_CALIBRATED,xrp,2026-10-06,90,2027-01-04,2026-10-06,3f0b2e6a-562a-4319-9f96-b45615d403e0,POSITIVE,1.5,17.06357746,-76.05446371,110.1816186,0.6,,,,,
M39_CALIBRATED,xrp,2026-10-06,180,2027-04-04,2026-10-06,3f0b2e6a-562a-4319-9f96-b45615d403e0,POSITIVE,1.5,120.808086,-325.6596897,567.2758617,0.6243303982,,,,,
M39_CALIBRATED,xrp,2026-10-06,365,2027-10-06,2026-10-06,3f0b2e6a-562a-4319-9f96-b45615d403e0,POSITIVE,1.5,153.4200029,-262.7726634,569.6126693,0,,,,,
M42_PROJECTION,avalanche,2026-10-06,7,2026-10-13,2026-10-06,02f3df7e-ca70-4dd4-adf9-7432ddf25738,MODEL_VALIDATED,11.45,7.640122718,-13.4158345,27.26528172,,,,,,
M42_PROJECTION,avalanche,2026-10-06,30,2026-11-05,2026-10-06,02f3df7e-ca70-4dd4-adf9-7432ddf25738,MODEL_VALIDATED,11.45,11.36685738,-42.64073889,68.79073047,,,,,,
M42_PROJECTION,avalanche,2026-10-06,91,2027-01-05,2026-10-06,02f3df7e-ca70-4dd4-adf9-7432ddf25738,MODEL_VALIDATED,11.45,-5.543452719,-95,149.3693734,,,,,,
M42_PROJECTION,avalanche,2026-10-06,183,2027-04-07,2026-10-06,02f3df7e-ca70-4dd4-adf9-7432ddf25738,MODEL_VALIDATED,11.45,-7.737066376,-95,88.64992189,,,,,,
M42_PROJECTION,avalanche,2026-10-06,274,2027-07-07,2026-10-06,02f3df7e-ca70-4dd4-adf9-7432ddf25738,SCENARIO_ONLY,11.45,6.917491065,-49.58245439,126.7335658,,,,,,
M42_PROJECTION,avalanche,2026-10-06,365,2027-10-06,2026-10-06,02f3df7e-ca70-4dd4-adf9-7432ddf25738,SCENARIO_ONLY,11.45,9.319173495,-54.09112337,160.3130935,,,,,,
M42_PROJECTION,avalanche,2026-10-06,457,2028-01-06,2026-10-06,02f3df7e-ca70-4dd4-adf9-7432ddf25738,SCENARIO_ONLY,11.45,11.80209393,-57.65238225,195.1690997,,,,,,
M42_PROJECTION,avalanche,2026-10-06,548,2028-04-06,2026-10-06,02f3df7e-ca70-4dd4-adf9-7432ddf25738,SCENARIO_ONLY,11.45,14.31349896,-60.51761535,230.9723098,,,,,,
M42_PROJECTION,avalanche,2026-10-06,639,2028-07-06,2026-10-06,02f3df7e-ca70-4dd4-adf9-7432ddf25738,SCENARIO_ONLY,11.45,16.88131755,-62.91583993,268.3848405,,,,,,
M42_PROJECTION,avalanche,2026-10-06,730,2028-10-05,2026-10-06,02f3df7e-ca70-4dd4-adf9-7432ddf25738,SCENARIO_ONLY,11.45,19.50681694,-64.96376179,307.6316416,,,,,,
M42_PROJECTION,avalanche,2026-10-06,822,2029-01-05,2026-10-06,02f3df7e-ca70-4dd4-adf9-7432ddf25738,SCENARIO_ONLY,11.45,22.22112503,-66.75787766,349.3697259,,,,,,
M42_PROJECTION,avalanche,2026-10-06,913,2029-04-06,2026-10-06,02f3df7e-ca70-4dd4-adf9-7432ddf25738,SCENARIO_ONLY,11.45,24.96657225,-68.31468278,392.8669034,,,,,,
M42_PROJECTION,avalanche,2026-10-06,1004,2029-07-06,2026-10-06,02f3df7e-ca70-4dd4-adf9-7432ddf25738,SCENARIO_ONLY,11.45,27.77369032,-69.69515556,438.7295741,,,,,,
M42_PROJECTION,avalanche,2026-10-06,1096,2029-10-06,2026-10-06,02f3df7e-ca70-4dd4-adf9-7432ddf25738,SCENARIO_ONLY,11.45,30.67576044,-70.94232128,487.6640914,,,,,,
M42_PROJECTION,avalanche,2026-10-06,1187,2030-01-05,2026-10-06,02f3df7e-ca70-4dd4-adf9-7432ddf25738,SCENARIO_ONLY,11.45,33.61112372,-72.05252081,538.7671769,,,,,,
M42_PROJECTION,avalanche,2026-10-06,1278,2030-04-06,2026-10-06,02f3df7e-ca70-4dd4-adf9-7432ddf25738,SCENARIO_ONLY,11.45,36.61242393,-73.05832338,592.7168876,,,,,,
M42_PROJECTION,avalanche,2026-10-06,1370,2030-07-07,2026-10-06,02f3df7e-ca70-4dd4-adf9-7432ddf25738,SCENARIO_ONLY,11.45,39.71524449,-73.98395601,650.31967,,,,,,
M42_PROJECTION,avalanche,2026-10-06,1461,2030-10-06,2026-10-06,02f3df7e-ca70-4dd4-adf9-7432ddf25738,SCENARIO_ONLY,11.45,42.85366127,-74.82126016,710.4920526,,,,,,
M42_PROJECTION,bitcoin,2026-10-06,7,2026-10-13,2026-10-06,02f3df7e-ca70-4dd4-adf9-7432ddf25738,MODEL_VALIDATED,85597,3.538309043,-6.612914577,14.75250879,,,,,,
M42_PROJECTION,bitcoin,2026-10-06,30,2026-11-05,2026-10-06,02f3df7e-ca70-4dd4-adf9-7432ddf25738,MODEL_VALIDATED,85597,9.899450956,-20.88195187,42.20739958,,,,,,
M42_PROJECTION,bitcoin,2026-10-06,91,2027-01-05,2026-10-06,02f3df7e-ca70-4dd4-adf9-7432ddf25738,MODEL_VALIDATED,85597,18.79215986,-28.51281032,71.01924163,,,,,,
M42_PROJECTION,bitcoin,2026-10-06,183,2027-04-07,2026-10-06,02f3df7e-ca70-4dd4-adf9-7432ddf25738,MODEL_VALIDATED,85597,58.5001874,-65.71065779,196.4948401,,,,,,
M42_PROJECTION,bitcoin,2026-10-06,274,2027-07-07,2026-10-06,02f3df7e-ca70-4dd4-adf9-7432ddf25738,SCENARIO_ONLY,85597,29.7452593,-11.67217504,90.58357113,,,,,,
M42_PROJECTION,bitcoin,2026-10-06,365,2027-10-06,2026-10-06,02f3df7e-ca70-4dd4-adf9-7432ddf25738,SCENARIO_ONLY,85597,41.46567741,-9.236537626,120.4911245,,,,,,
M42_PROJECTION,bitcoin,2026-10-06,457,2028-01-06,2026-10-06,02f3df7e-ca70-4dd4-adf9-7432ddf25738,SCENARIO_ONLY,85597,54.39150882,-6.037088348,153.6824113,,,,,,
M42_PROJECTION,bitcoin,2026-10-06,548,2028-04-06,2026-10-06,02f3df7e-ca70-4dd4-adf9-7432ddf25738,SCENARIO_ONLY,85597,68.33832311,-2.272256624,189.9666978,,,,,,
M42_PROJECTION,bitcoin,2026-10-06,639,2028-07-06,2026-10-06,02f3df7e-ca70-4dd4-adf9-7432ddf25738,SCENARIO_ONLY,85597,83.54500999,2.028522649,230.1897334,,,,,,
M42_PROJECTION,bitcoin,2026-10-06,730,2028-10-05,2026-10-06,02f3df7e-ca70-4dd4-adf9-7432ddf25738,SCENARIO_ONLY,85597,100.1253789,6.838210276,274.8674483,,,,,,
M42_PROJECTION,bitcoin,2026-10-06,822,2029-01-05,2026-10-06,02f3df7e-ca70-4dd4-adf9-7432ddf25738,SCENARIO_ONLY,85597,118.4109938,12.21023401,325.1248796,,,,,,
M42_PROJECTION,bitcoin,2026-10-06,913,2029-04-06,2026-10-06,02f3df7e-ca70-4dd4-adf9-7432ddf25738,SCENARIO_ONLY,85597,138.1409491,18.03256773,380.4700325,,,,,,
M42_PROJECTION,bitcoin,2026-10-06,1004,2029-07-06,2026-10-06,02f3df7e-ca70-4dd4-adf9-7432ddf25738,SCENARIO_ONLY,85597,159.6531917,24.37431027,442.0715889,,,,,,
M42_PROJECTION,bitcoin,2026-10-06,1096,2029-10-06,2026-10-06,02f3df7e-ca70-4dd4-adf9-7432ddf25738,SCENARIO_ONLY,85597,183.3779103,31.33427141,511.4401,,,,,,
M42_PROJECTION,bitcoin,2026-10-06,1187,2030-01-05,2026-10-06,02f3df7e-ca70-4dd4-adf9-7432ddf25738,SCENARIO_ONLY,85597,208.976592,38.78697991,587.8637639,,,,,,
M42_PROJECTION,bitcoin,2026-10-06,1278,2030-04-06,2026-10-06,02f3df7e-ca70-4dd4-adf9-7432ddf25738,SCENARIO_ONLY,85597,236.8877069,46.83548768,672.928458,,,,,,
M42_PROJECTION,bitcoin,2026-10-06,1370,2030-07-07,2026-10-06,02f3df7e-ca70-4dd4-adf9-7432ddf25738,SCENARIO_ONLY,85597,267.6694045,55.61363249,768.695042,,,,,,
M42_PROJECTION,bitcoin,2026-10-06,1461,2030-10-06,2026-10-06,02f3df7e-ca70-4dd4-adf9-7432ddf25738,SCENARIO_ONLY,85597,300.8824804,64.97002036,874.1573819,,,,,,
M42_PROJECTION,chainlink,2026-10-06,7,2026-10-13,2026-10-06,02f3df7e-ca70-4dd4-adf9-7432ddf25738,MODEL_VALIDATED,13.88,5.426991902,-11.03743638,22.29923999,,,,,,
M42_PROJECTION,chainlink,2026-10-06,30,2026-11-05,2026-10-06,02f3df7e-ca70-4dd4-adf9-7432ddf25738,MODEL_VALIDATED,13.88,13.66201751,-14.998729,46.14242876,,,,,,
M42_PROJECTION,chainlink,2026-10-06,91,2027-01-05,2026-10-06,02f3df7e-ca70-4dd4-adf9-7432ddf25738,MODEL_VALIDATED,13.88,0.9585788458,-67.495902,69.72260736,,,,,,
M42_PROJECTION,chainlink,2026-10-06,183,2027-04-07,2026-10-06,02f3df7e-ca70-4dd4-adf9-7432ddf25738,MODEL_VALIDATED,13.88,6.003511731,-95,125.6978335,,,,,,
M42_PROJECTION,chainlink,2026-10-06,274,2027-07-07,2026-10-06,02f3df7e-ca70-4dd4-adf9-7432ddf25738,SCENARIO_ONLY,13.88,21.3145863,-43.95573287,162.6000768,,,,,,
M42_PROJECTION,chainlink,2026-10-06,365,2027-10-06,2026-10-06,02f3df7e-ca70-4dd4-adf9-7432ddf25738,SCENARIO_ONLY,13.88,29.35462009,-46.94906031,215.406623,,,,,,
M42_PROJECTION,chainlink,2026-10-06,457,2028-01-06,2026-10-06,02f3df7e-ca70-4dd4-adf9-7432ddf25738,SCENARIO_ONLY,13.88,38.0247979,-49.08766082,274.1891483,,,,,,
M42_PROJECTION,chainlink,2026-10-06,548,2028-04-06,2026-10-06,02f3df7e-ca70-4dd4-adf9-7432ddf25738,SCENARIO_ONLY,13.88,47.1722885,-50.62302107,338.6595327,,,,,,
M42_PROJECTION,chainlink,2026-10-06,639,2028-07-06,2026-10-06,02f3df7e-ca70-4dd4-adf9-7432ddf25738,SCENARIO_ONLY,13.88,56.92602222,-51.7469986,410.3470403,,,,,,
M42_PROJECTION,chainlink,2026-10-06,730,2028-10-05,2026-10-06,02f3df7e-ca70-4dd4-adf9-7432ddf25738,SCENARIO_ONLY,13.88,67.32617738,-52.56077685,490.1877766,,,,,,
M42_PROJECTION,chainlink,2026-10-06,822,2029-01-05,2026-10-06,02f3df7e-ca70-4dd4-adf9-7432ddf25738,SCENARIO_ONLY,13.88,78.54145295,-53.13585478,580.2012555,,,,,,
M42_PROJECTION,chainlink,2026-10-06,913,2029-04-06,2026-10-06,02f3df7e-ca70-4dd4-adf9-7432ddf25738,SCENARIO_ONLY,13.88,90.37415466,-53.50576621,679.5013662,,,,,,
M42_PROJECTION,chainlink,2026-10-06,1004,2029-07-06,2026-10-06,02f3df7e-ca70-4dd4-adf9-7432ddf25738,SCENARIO_ONLY,13.88,102.9910599,-53.71047591,790.1662135,,,,,,
M42_PROJECTION,chainlink,2026-10-06,1096,2029-10-06,2026-10-06,02f3df7e-ca70-4dd4-adf9-7432ddf25738,SCENARIO_ONLY,13.88,116.596825,-53.77377467,914.8824455,,,,,,
M42_PROJECTION,chainlink,2026-10-06,1187,2030-01-05,2026-10-06,02f3df7e-ca70-4dd4-adf9-7432ddf25738,SCENARIO_ONLY,13.88,130.9516182,-53.71225006,1052.32756,,,,,,
M42_PROJECTION,chainlink,2026-10-06,1278,2030-04-06,2026-10-06,02f3df7e-ca70-4dd4-adf9-7432ddf25738,SCENARIO_ONLY,13.88,146.2577645,-53.54084831,1205.294745,,,,,,
M42_PROJECTION,chainlink,2026-10-06,1370,2030-07-07,2026-10-06,02f3df7e-ca70-4dd4-adf9-7432ddf25738,SCENARIO_ONLY,13.88,162.7635422,-53.26647459,1377.412169,,,,,,
M42_PROJECTION,chainlink,2026-10-06,1461,2030-10-06,2026-10-06,02f3df7e-ca70-4dd4-adf9-7432ddf25738,SCENARIO_ONLY,13.88,180.1780001,-52.90321957,1566.774481,,,,,,
M42_PROJECTION,ethereum,2026-10-06,7,2026-10-13,2026-10-06,02f3df7e-ca70-4dd4-adf9-7432ddf25738,MODEL_VALIDATED,2696.4,4.637163656,-9.017154042,19.47387927,,,,,,
M42_PROJECTION,ethereum,2026-10-06,30,2026-11-05,2026-10-06,02f3df7e-ca70-4dd4-adf9-7432ddf25738,MODEL_VALIDATED,2696.4,7.893893994,-24.63780441,41.73277427,,,,,,
M42_PROJECTION,ethereum,2026-10-06,91,2027-01-05,2026-10-06,02f3df7e-ca70-4dd4-adf9-7432ddf25738,MODEL_VALIDATED,2696.4,10.81093072,-35.57697114,60.01752622,,,,,,
M42_PROJECTION,ethereum,2026-10-06,183,2027-04-07,2026-10-06,02f3df7e-ca70-4dd4-adf9-7432ddf25738,MODEL_VALIDATED,2696.4,25.82768897,-29.77418058,89.48349692,,,,,,
M42_PROJECTION,ethereum,2026-10-06,274,2027-07-07,2026-10-06,02f3df7e-ca70-4dd4-adf9-7432ddf25738,SCENARIO_ONLY,2696.4,20.79326021,-33.73888832,120.2047527,,,,,,
M42_PROJECTION,ethereum,2026-10-06,365,2027-10-06,2026-10-06,02f3df7e-ca70-4dd4-adf9-7432ddf25738,SCENARIO_ONLY,2696.4,28.61465647,-35.68674937,157.2056255,,,,,,
M42_PROJECTION,ethereum,2026-10-06,457,2028-01-06,2026-10-06,02f3df7e-ca70-4dd4-adf9-7432ddf25738,SCENARIO_ONLY,2696.4,37.0369383,-36.89785536,197.598799,,,,,,
M42_PROJECTION,ethereum,2026-10-06,548,2028-04-06,2026-10-06,02f3df7e-ca70-4dd4-adf9-7432ddf25738,SCENARIO_ONLY,2696.4,45.91011711,-37.58612349,241.1062325,,,,,,
M42_PROJECTION,ethereum,2026-10-06,639,2028-07-06,2026-10-06,02f3df7e-ca70-4dd4-adf9-7432ddf25738,SCENARIO_ONLY,2696.4,55.35783665,-37.90124296,288.6721499,,,,,,
M42_PROJECTION,ethereum,2026-10-06,730,2028-10-05,2026-10-06,02f3df7e-ca70-4dd4-adf9-7432ddf25738,SCENARIO_ONLY,2696.4,65.41729858,-37.92499225,340.8035321,,,,,,
M42_PROJECTION,ethereum,2026-10-06,822,2029-01-05,2026-10-06,02f3df7e-ca70-4dd4-adf9-7432ddf25738,SCENARIO_ONLY,2696.4,76.24958743,-37.7073227,398.6768657,,,,,,
M42_PROJECTION,ethereum,2026-10-06,913,2029-04-06,2026-10-06,02f3df7e-ca70-4dd4-adf9-7432ddf25738,SCENARIO_ONLY,2696.4,87.66179587,-37.28975142,461.5820448,,,,,,
M42_PROJECTION,ethereum,2026-10-06,1004,2029-07-06,2026-10-06,02f3df7e-ca70-4dd4-adf9-7432ddf25738,SCENARIO_ONLY,2696.4,99.8129479,-36.69674778,530.6976774,,,,,,
M42_PROJECTION,ethereum,2026-10-06,1096,2029-10-06,2026-10-06,02f3df7e-ca70-4dd4-adf9-7432ddf25738,SCENARIO_ONLY,2696.4,112.8976228,-35.93765355,607.5201002,,,,,,
M42_PROJECTION,ethereum,2026-10-06,1187,2030-01-05,2026-10-06,02f3df7e-ca70-4dd4-adf9-7432ddf25738,SCENARIO_ONLY,2696.4,126.6828014,-35.04245189,691.0565276,,,,,,
M42_PROJECTION,ethereum,2026-10-06,1278,2030-04-06,2026-10-06,02f3df7e-ca70-4dd4-adf9-7432ddf25738,SCENARIO_ONLY,2696.4,141.3605741,-34.0134512,782.8303311,,,,,,
M42_PROJECTION,ethereum,2026-10-06,1370,2030-07-07,2026-10-06,02f3df7e-ca70-4dd4-adf9-7432ddf25738,SCENARIO_ONLY,2696.4,157.1659794,-32.84431291,884.7913683,,,,,,
M42_PROJECTION,ethereum,2026-10-06,1461,2030-10-06,2026-10-06,02f3df7e-ca70-4dd4-adf9-7432ddf25738,SCENARIO_ONLY,2696.4,173.8175461,-31.56549193,995.5883324,,,,,,
M42_PROJECTION,solana,2026-10-06,7,2026-10-13,2026-10-06,02f3df7e-ca70-4dd4-adf9-7432ddf25738,MODEL_VALIDATED,120.33,4.451226723,-10.05609041,20.63902065,,,,,,
M42_PROJECTION,solana,2026-10-06,30,2026-11-05,2026-10-06,02f3df7e-ca70-4dd4-adf9-7432ddf25738,MODEL_VALIDATED,120.33,19.8395467,-23.0233018,68.85381583,,,,,,
M42_PROJECTION,solana,2026-10-06,91,2027-01-05,2026-10-06,02f3df7e-ca70-4dd4-adf9-7432ddf25738,MODEL_VALIDATED,120.33,43.32542478,-7.004830873,102.8471759,,,,,,
M42_PROJECTION,solana,2026-10-06,183,2027-04-07,2026-10-06,02f3df7e-ca70-4dd4-adf9-7432ddf25738,MODEL_VALIDATED,120.33,101.6848038,-95,406.1185727,,,,,,
M42_PROJECTION,solana,2026-10-06,274,2027-07-07,2026-10-06,02f3df7e-ca70-4dd4-adf9-7432ddf25738,SCENARIO_ONLY,120.33,34.54572823,-30.8712724,161.8672962,,,,,,
M42_PROJECTION,solana,2026-10-06,365,2027-10-06,2026-10-06,02f3df7e-ca70-4dd4-adf9-7432ddf25738,SCENARIO_ONLY,120.33,48.48062108,-31.15543521,220.2358081,,,,,,
M42_PROJECTION,solana,2026-10-06,457,2028-01-06,2026-10-06,02f3df7e-ca70-4dd4-adf9-7432ddf25738,SCENARIO_ONLY,120.33,64.03630026,-30.58817297,287.6559508,,,,,,
M42_PROJECTION,solana,2026-10-06,548,2028-04-06,2026-10-06,02f3df7e-ca70-4dd4-adf9-7432ddf25738,SCENARIO_ONLY,120.33,81.02552985,-29.4116203,364.2441517,,,,,,
M42_PROJECTION,solana,2026-10-06,639,2028-07-06,2026-10-06,02f3df7e-ca70-4dd4-adf9-7432ddf25738,SCENARIO_ONLY,120.33,99.77433291,-27.74344773,452.3344643,,,,,,
M42_PROJECTION,solana,2026-10-06,730,2028-10-05,2026-10-06,02f3df7e-ca70-4dd4-adf9-7432ddf25738,SCENARIO_ONLY,120.33,120.4649484,-25.65103985,553.7387121,,,,,,
M42_PROJECTION,solana,2026-10-06,822,2029-01-05,2026-10-06,02f3df7e-ca70-4dd4-adf9-7432ddf25738,SCENARIO_ONLY,120.33,143.5621174,-23.1434319,671.8599269,,,,,,
M42_PROJECTION,solana,2026-10-06,913,2029-04-06,2026-10-06,02f3df7e-ca70-4dd4-adf9-7432ddf25738,SCENARIO_ONLY,120.33,168.787831,-20.2958934,806.4388422,,,,,,
M42_PROJECTION,solana,2026-10-06,1004,2029-07-06,2026-10-06,02f3df7e-ca70-4dd4-adf9-7432ddf25738,SCENARIO_ONLY,120.33,196.6261703,-17.09214803,961.2635932,,,,,,
M42_PROJECTION,solana,2026-10-06,1096,2029-10-06,2026-10-06,02f3df7e-ca70-4dd4-adf9-7432ddf25738,SCENARIO_ONLY,120.33,227.7024246,-13.49186412,1141.373172,,,,,,
M42_PROJECTION,solana,2026-10-06,1187,2030-01-05,2026-10-06,02f3df7e-ca70-4dd4-adf9-7432ddf25738,SCENARIO_ONLY,120.33,261.6425446,-9.567904093,1346.226904,,,,,,
M42_PROJECTION,solana,2026-10-06,1278,2030-04-06,2026-10-06,02f3df7e-ca70-4dd4-adf9-7432ddf25738,SCENARIO_ONLY,120.33,299.0978409,-5.272877278,1581.451753,,,,,,
M42_PROJECTION,solana,2026-10-06,1370,2030-07-07,2026-10-06,02f3df7e-ca70-4dd4-adf9-7432ddf25738,SCENARIO_ONLY,120.33,340.9096136,-0.5388837902,1854.545603,,,,,,
M42_PROJECTION,solana,2026-10-06,1461,2030-10-06,2026-10-06,02f3df7e-ca70-4dd4-adf9-7432ddf25738,SCENARIO_ONLY,120.33,386.5745953,4.549173915,2164.530918,,,,,,
M42_PROJECTION,xrp,2026-10-06,7,2026-10-13,2026-10-06,02f3df7e-ca70-4dd4-adf9-7432ddf25738,MODEL_VALIDATED,1.5,1.640104104,-18.25439232,21.4811567,,,,,,
M42_PROJECTION,xrp,2026-10-06,30,2026-11-05,2026-10-06,02f3df7e-ca70-4dd4-adf9-7432ddf25738,MODEL_VALIDATED,1.5,1.365908453,-34.54851219,37.71276781,,,,,,
M42_PROJECTION,xrp,2026-10-06,91,2027-01-05,2026-10-06,02f3df7e-ca70-4dd4-adf9-7432ddf25738,MODEL_VALIDATED,1.5,14.70667083,-76.05446371,110.1816186,,,,,,
M42_PROJECTION,xrp,2026-10-06,183,2027-04-07,2026-10-06,02f3df7e-ca70-4dd4-adf9-7432ddf25738,MODEL_VALIDATED,1.5,111.9835428,-95,567.2758617,,,,,,
M42_PROJECTION,xrp,2026-10-06,274,2027-07-07,2026-10-06,02f3df7e-ca70-4dd4-adf9-7432ddf25738,SCENARIO_ONLY,1.5,33.83891483,-35.37649391,177.1879183,,,,,,
M42_PROJECTION,xrp,2026-10-06,365,2027-10-06,2026-10-06,02f3df7e-ca70-4dd4-adf9-7432ddf25738,SCENARIO_ONLY,1.5,47.44245349,-36.36702842,241.6354219,,,,,,
M42_PROJECTION,xrp,2026-10-06,457,2028-01-06,2026-10-06,02f3df7e-ca70-4dd4-adf9-7432ddf25738,SCENARIO_ONLY,1.5,62.60154619,-36.4999972,316.3663253,,,,,,
M42_PROJECTION,xrp,2026-10-06,548,2028-04-06,2026-10-06,02f3df7e-ca70-4dd4-adf9-7432ddf25738,SCENARIO_ONLY,1.5,79.12855123,-36.02622861,401.5655192,,,,,,
M42_PROJECTION,xrp,2026-10-06,639,2028-07-06,2026-10-06,02f3df7e-ca70-4dd4-adf9-7432ddf25738,SCENARIO_ONLY,1.5,97.33537974,-35.08578762,499.887924,,,,,,
M42_PROJECTION,xrp,2026-10-06,730,2028-10-05,2026-10-06,02f3df7e-ca70-4dd4-adf9-7432ddf25738,SCENARIO_ONLY,1.5,117.3927709,-33.75676797,613.4255892,,,,,,
M42_PROJECTION,xrp,2026-10-06,822,2029-01-05,2026-10-06,02f3df7e-ca70-4dd4-adf9-7432ddf25738,SCENARIO_ONLY,1.5,139.7437091,-32.0660603,746.0726157,,,,,,
M42_PROJECTION,xrp,2026-10-06,913,2029-04-06,2026-10-06,02f3df7e-ca70-4dd4-adf9-7432ddf25738,SCENARIO_ONLY,1.5,164.1115308,-30.07894912,897.6237461,,,,,,
M42_PROJECTION,xrp,2026-10-06,1004,2029-07-06,2026-10-06,02f3df7e-ca70-4dd4-adf9-7432ddf25738,SCENARIO_ONLY,1.5,190.9561255,-27.79503739,1072.432807,,,,,,
M42_PROJECTION,xrp,2026-10-06,1096,2029-10-06,2026-10-06,02f3df7e-ca70-4dd4-adf9-7432ddf25738,SCENARIO_ONLY,1.5,220.8703786,-25.19237852,1276.300942,,,,,,
M42_PROJECTION,xrp,2026-10-06,1187,2030-01-05,2026-10-06,02f3df7e-ca70-4dd4-adf9-7432ddf25738,SCENARIO_ONLY,1.5,253.4840068,-22.3294713,1508.73043,,,,,,
M42_PROJECTION,xrp,2026-10-06,1278,2030-04-06,2026-10-06,02f3df7e-ca70-4dd4-adf9-7432ddf25738,SCENARIO_ONLY,1.5,289.412521,-19.17691038,1776.222651,,,,,,
M42_PROJECTION,xrp,2026-10-06,1370,2030-07-07,2026-10-06,02f3df7e-ca70-4dd4-adf9-7432ddf25738,SCENARIO_ONLY,1.5,329.4494328,-15.68876068,2087.452311,,,,,,
M42_PROJECTION,xrp,2026-10-06,1461,2030-10-06,2026-10-06,02f3df7e-ca70-4dd4-adf9-7432ddf25738,SCENARIO_ONLY,1.5,373.0991588,-11.93130303,2441.457087,,,,,,
V4_7D_EXTRA_TREES,bitcoin,2026-10-06,7,2026-10-13,2026-10-06,V4_7D_VOLATILITY_STATE_EXTRA_TREES,CONTEXT_ONLY,85597,,,,0.4780695854,,,,,
V4_7D_EXTRA_TREES,ethereum,2026-10-06,7,2026-10-13,2026-10-06,V4_7D_VOLATILITY_STATE_EXTRA_TREES,CONTEXT_ONLY,2696.4,,,,0.5243402253,,,,,
