module_number,implementation_path,implementation_exists,expected_callable,callable_exists,callable_signature,is_async,runner_path,runner_exists,runner_invokes_callable,status,imported_modules,notes
1,crypto_platform/platform.py,True,run_module1,True,"(full_refresh: bool = False) -> dict[str, Any]",False,run_module1.py,True,True,ready,__future__; dataclasses; datetime; dotenv; duckdb; hashlib; io; json; logging; os; pandas; pathlib; requests; shutil; time; typing; uuid; yaml,
2,crypto_platform/module2.py,True,run_module2,True,"() -> dict[str, Any]",False,run_module2.py,True,True,ready,__future__; crypto_platform.platform; datetime; duckdb; math; numpy; pandas; pathlib; typing; uuid,
3,crypto_platform/module3.py,True,run_module3,True,"(monthly_contribution_usd: float | None = None, current_holdings: dict[str, float] | None = None) -> dict[str, Any]",False,run_module3.py,True,True,ready,__future__; argparse; crypto_platform.module2; crypto_platform.platform; datetime; math; numpy; pandas; typing; uuid,
4,,False,run_module4,False,,,,False,False,incomplete,,Implementation file is missing. | Root runner file is missing.
5,crypto_platform/module5.py,True,run_module5,True,"() -> dict[str, Any]",False,run_module5.py,True,True,ready,__future__; crypto_platform.module2; crypto_platform.module3; crypto_platform.platform; datetime; math; numpy; pandas; typing; uuid,
6,crypto_platform/module6.py,True,run_module6,True,"(phase: str = 'all') -> dict[str, Any]",False,run_module6.py,True,True,ready,__future__; crypto_platform.module2; crypto_platform.module3; crypto_platform.module5; crypto_platform.platform; datetime; math; numpy; pandas; typing; uuid,
7,crypto_platform/module7.py,True,run_module7,True,"() -> dict[str, Any]",False,run_module7.py,True,True,ready,__future__; crypto_platform.module2; crypto_platform.module3; crypto_platform.module5; crypto_platform.module6; crypto_platform.platform; datetime; math; numpy; pandas; typing; uuid,
8,crypto_platform/module8.py,True,run_module8,True,"() -> dict[str, Any]",False,run_module8.py,True,True,ready,__future__; crypto_platform.module2; crypto_platform.module3; crypto_platform.module5; crypto_platform.module6; crypto_platform.module7; crypto_platform.platform; datetime; hashlib; joblib; json; math; numpy; pandas; pathlib; pickle; sklearn.ensemble; sklearn.inspection; sklearn.metrics; typing; uuid,
9,crypto_platform/module9.py,True,run_module9,True,"() -> dict[str, Any]",False,run_module9.py,True,True,ready,__future__; crypto_platform.module2; crypto_platform.module3; crypto_platform.module5; crypto_platform.module6; crypto_platform.module7; crypto_platform.module8; crypto_platform.platform; datetime; math; numpy; pandas; sklearn.ensemble; sklearn.metrics; typing; uuid,
10,crypto_platform/module10.py,True,run_module10,True,"() -> dict[str, Any]",False,run_module10.py,True,True,ready,__future__; crypto_platform.module2; crypto_platform.module3; crypto_platform.module5; crypto_platform.module6; crypto_platform.module7; crypto_platform.module8; crypto_platform.module9; crypto_platform.platform; datetime; math; numpy; os; pandas; requests; sklearn.isotonic; time; typing; uuid,
11,crypto_platform/module11.py,True,run_module11,True,"() -> dict[str, Any]",False,run_module11.py,True,True,ready,__future__; crypto_platform.module10; crypto_platform.module2; crypto_platform.module3; crypto_platform.module5; crypto_platform.module6; crypto_platform.module7; crypto_platform.module8; crypto_platform.module9; crypto_platform.platform; datetime; math; numpy; os; pandas; requests; sklearn.isotonic; sklearn.linear_model; time; typing; uuid,
12,crypto_platform/module12.py,True,run_module12,True,(),False,run_module12.py,True,True,ready,__future__; crypto_platform.module10; crypto_platform.module11; crypto_platform.module2; crypto_platform.module3; crypto_platform.module5; crypto_platform.module6; crypto_platform.module7; crypto_platform.module8; crypto_platform.module9; crypto_platform.platform; datetime; os; pandas; requests; time; typing; uuid,
13,crypto_platform/module13.py,True,run_module13,True,"() -> dict[str, Any]",False,run_module13.py,True,True,ready,__future__; crypto_platform.module10; crypto_platform.module11; crypto_platform.module12; crypto_platform.module2; crypto_platform.module3; crypto_platform.module5; crypto_platform.module6; crypto_platform.module7; crypto_platform.module8; crypto_platform.module9; crypto_platform.platform; datetime; math; numpy; pandas; requests; typing; uuid,
14,crypto_platform/module14.py,True,run_module14,True,"() -> dict[str, Any]",False,run_module14.py,True,True,ready,__future__; crypto_platform.module10; crypto_platform.module11; crypto_platform.module12; crypto_platform.module13; crypto_platform.module2; crypto_platform.module3; crypto_platform.module5; crypto_platform.module6; crypto_platform.module7; crypto_platform.module8; crypto_platform.module9; crypto_platform.platform; datetime; math; numpy; pandas; typing; uuid,
15,crypto_platform/module15.py,True,run_module15,True,"() -> dict[str, Any]",False,run_module15.py,True,True,ready,__future__; crypto_platform.module10; crypto_platform.module11; crypto_platform.module12; crypto_platform.module13; crypto_platform.module14; crypto_platform.module2; crypto_platform.module3; crypto_platform.module5; crypto_platform.module6; crypto_platform.module7; crypto_platform.module8; crypto_platform.module9; crypto_platform.platform; datetime; math; numpy; pandas; typing; uuid,
16,crypto_platform/module16.py,True,run_module16,True,(),False,run_module16.py,True,True,ready,__future__; crypto_platform.module10; crypto_platform.module11; crypto_platform.module12; crypto_platform.module13; crypto_platform.module14; crypto_platform.module15; crypto_platform.module2; crypto_platform.module3; crypto_platform.module5; crypto_platform.module6; crypto_platform.module7; crypto_platform.module8; crypto_platform.module9; crypto_platform.optimization; crypto_platform.optimization.objective_function; crypto_platform.optimization.registry; crypto_platform.platform; datetime; json; math; numpy; pandas; typing; uuid,
17,crypto_platform/module17.py,True,run_module17,True,(),False,run_module17.py,True,True,ready,__future__; crypto_platform.module10; crypto_platform.module11; crypto_platform.module12; crypto_platform.module13; crypto_platform.module14; crypto_platform.module15; crypto_platform.module16; crypto_platform.module2; crypto_platform.module3; crypto_platform.module5; crypto_platform.module6; crypto_platform.module7; crypto_platform.module8; crypto_platform.module9; crypto_platform.platform; datetime; numpy; pandas; pathlib; requests; typing; uuid,
18,crypto_platform/module18.py,True,run_module18,True,(),False,run_module18.py,True,True,ready,__future__; crypto_platform.module17; crypto_platform.platform; datetime; itertools; numpy; pandas; requests; sklearn.ensemble; sklearn.inspection; uuid,
19,crypto_platform/module19.py,True,run_module19,True,"() -> dict[str, Any]",False,run_module19.py,True,True,ready,__future__; crypto_platform.module17; crypto_platform.module18; crypto_platform.platform; datetime; math; numpy; pandas; sklearn.ensemble; sklearn.inspection; typing; uuid,
20,crypto_platform/module20.py,True,run_module20,True,(),False,run_module20.py,True,True,ready,__future__; crypto_platform.module17; crypto_platform.module18; crypto_platform.module19; crypto_platform.platform; datetime; numpy; pandas; sklearn.ensemble; sklearn.inspection; sklearn.metrics; typing; uuid,
21,crypto_platform/module21.py,True,run_module21,True,"() -> dict[str, Any]",False,run_module21.py,True,True,ready,__future__; crypto_platform.module17; crypto_platform.module18; crypto_platform.module19; crypto_platform.module20; crypto_platform.platform; datetime; math; numpy; pandas; sklearn.ensemble; sklearn.metrics; typing; uuid,
22,crypto_platform/module22.py,True,run_module22,True,(),False,run_module22.py,True,True,ready,__future__; crypto_platform.module17; crypto_platform.module18; crypto_platform.module19; crypto_platform.module20; crypto_platform.module21; crypto_platform.module6; crypto_platform.platform; datetime; math; numpy; pandas; sklearn.ensemble; sklearn.linear_model; sklearn.metrics; sklearn.pipeline; sklearn.preprocessing; typing; uuid,
23,crypto_platform/module23.py,True,run_module23,True,(),False,run_module23.py,True,True,ready,__future__; crypto_platform.module22; crypto_platform.module6; crypto_platform.platform; datetime; math; numpy; pandas; typing; uuid,
24,crypto_platform/module24.py,True,run_module24,True,(),False,run_module24.py,True,True,ready,__future__; crypto_platform.module17; crypto_platform.module22; crypto_platform.module23; crypto_platform.module6; crypto_platform.platform; datetime; hashlib; json; math; numpy; pandas; sklearn.linear_model; sklearn.metrics; sklearn.pipeline; sklearn.preprocessing; typing; uuid,
25,crypto_platform/module25.py,True,run_module25,True,"() -> dict[str, Any]",False,run_module25.py,True,True,ready,__future__; crypto_platform.module17; crypto_platform.module22; crypto_platform.module24; crypto_platform.module6; crypto_platform.platform; datetime; math; numpy; pandas; sklearn.cluster; sklearn.mixture; sklearn.preprocessing; typing; uuid,
26,crypto_platform/module26.py,True,run_module26,True,(),False,run_module26.py,True,True,ready,__future__; crypto_platform.module25; crypto_platform.module25_validation; crypto_platform.platform; datetime; itertools; json; numpy; pandas; sklearn.cluster; sklearn.feature_selection; sklearn.isotonic; sklearn.metrics; sklearn.mixture; sklearn.preprocessing; uuid,
27,crypto_platform/module27.py,True,run_module27,True,(),False,run_module27.py,True,True,ready,__future__; crypto_platform.module25; crypto_platform.module26; crypto_platform.platform; datetime; json; math; numpy; pandas; sklearn.cluster; sklearn.isotonic; sklearn.mixture; sklearn.preprocessing; typing; uuid,
28,crypto_platform/module28.py,True,run_module28,True,(),False,run_module28.py,True,True,ready,__future__; crypto_platform.module25; crypto_platform.module27; crypto_platform.platform; datetime; json; math; numpy; pandas; sklearn.cluster; sklearn.inspection; sklearn.isotonic; sklearn.linear_model; sklearn.metrics; sklearn.mixture; sklearn.preprocessing; typing; uuid,
29,crypto_platform/module29.py,True,run_module29,True,(),False,run_module29.py,True,True,ready,__future__; crypto_platform.module25; crypto_platform.module27; crypto_platform.module28; crypto_platform.platform; datetime; json; math; numpy; pandas; sklearn.inspection; sklearn.linear_model; sklearn.metrics; sklearn.preprocessing; typing; uuid,
30,crypto_platform/module30.py,True,run_module30,True,(),False,run_module30.py,True,True,ready,__future__; crypto_platform.ml.calibration; crypto_platform.ml.classes; crypto_platform.ml.datasets; crypto_platform.ml.drift; crypto_platform.ml.explainability; crypto_platform.ml.models; crypto_platform.ml.registry; crypto_platform.ml.validation; crypto_platform.module25; crypto_platform.module29; crypto_platform.platform; datetime; json; numpy; pandas; sklearn.metrics; typing; uuid,
31,crypto_platform/module31.py,True,run_module31,True,(),False,run_module31.py,True,True,ready,__future__; crypto_platform.ml.classes; crypto_platform.ml.validation; crypto_platform.module30; crypto_platform.platform; datetime; json; math; numpy; pandas; sklearn.isotonic; sklearn.linear_model; sklearn.metrics; uuid,
32,crypto_platform/module32.py,True,run_module32,True,(),False,run_module32.py,True,True,ready,__future__; crypto_platform.ml.classes; crypto_platform.ml.models; crypto_platform.ml.validation; crypto_platform.module25; crypto_platform.module29; crypto_platform.module30; crypto_platform.module31; crypto_platform.platform; datetime; json; math; numpy; pandas; sklearn.linear_model; sklearn.metrics; sklearn.preprocessing; uuid,
33,crypto_platform/module33.py,True,run_module33,True,(),False,run_module33.py,True,True,ready,__future__; crypto_platform.ml.classes; crypto_platform.ml.validation; crypto_platform.module30; crypto_platform.module32; crypto_platform.platform; datetime; itertools; json; math; numpy; pandas; uuid,
34,crypto_platform/module34.py,True,run_module34,True,(),False,run_module34.py,True,True,ready,__future__; crypto_platform.ml.classes; crypto_platform.ml.validation; crypto_platform.module30; crypto_platform.module33; crypto_platform.platform; datetime; itertools; json; math; numpy; pandas; scipy.spatial.distance; scipy.stats; uuid,
35,crypto_platform/module35.py,True,run_module35,True,(),False,run_module35.py,True,True,ready,__future__; crypto_platform.module34; crypto_platform.platform; datetime; json; math; numpy; pandas; uuid,
36,crypto_platform/module36.py,True,run_module36,True,(),False,run_module36.py,True,True,ready,__future__; crypto_platform.module35; crypto_platform.platform; datetime; math; numpy; pandas; uuid,
37,crypto_platform/module37.py,True,run_module37,True,(),False,run_module37.py,True,True,ready,__future__; crypto_platform.module30; crypto_platform.module31; crypto_platform.module35; crypto_platform.module36; crypto_platform.platform; datetime; json; math; numpy; pandas; scipy.optimize; uuid,
38,crypto_platform/module38.py,True,run_module38,True,(),False,run_module38.py,True,True,ready,__future__; crypto_platform.module25; crypto_platform.module30; crypto_platform.module37; crypto_platform.platform; datetime; json; math; numpy; pandas; sklearn.ensemble; sklearn.linear_model; sklearn.metrics; sklearn.preprocessing; uuid,
39,crypto_platform/module39.py,True,run_module39,True,(),False,run_module39.py,True,True,ready,__future__; crypto_platform.module38; crypto_platform.platform; datetime; json; math; numpy; pandas; sklearn.isotonic; sklearn.linear_model; sklearn.metrics; sklearn.preprocessing; uuid,
40,crypto_platform/module40.py,True,run_module40,True,(),False,run_module40.py,True,True,ready,__future__; crypto_platform.module38; crypto_platform.module39; crypto_platform.platform; datetime; json; math; numpy; pandas; uuid,
41,crypto_platform/module41.py,True,run_module41,True,(),False,run_module41.py,True,True,ready,__future__; crypto_platform.module40; crypto_platform.platform; datetime; math; numpy; pandas; uuid,
42,crypto_platform/module42.py,True,run_module42,True,(),False,run_module42.py,True,True,ready,__future__; crypto_platform.module30; crypto_platform.module37; crypto_platform.module38; crypto_platform.module39; crypto_platform.module40; crypto_platform.module41; crypto_platform.platform; datetime; json; math; numpy; pandas; uuid,
43,crypto_platform/module43.py,True,run_module43,True,(),False,run_module43.py,True,True,ready,__future__; crypto_platform.module42; crypto_platform.platform; datetime; json; numpy; pandas; uuid,
44,crypto_platform/module44.py,True,run_module44,True,(),False,run_module44.py,True,True,ready,__future__; crypto_platform.module40; crypto_platform.module42; crypto_platform.module43; crypto_platform.platform; datetime; math; numpy; pandas; uuid,
